{"alpha": 0.0998133901086244, "beta": 0.5476283614704289, "gamma": 0.3525582484209466}